variant,text
dense_prose,"<h1>The Best Nighttime Skincare Routine for Optimal Skin Repair</h1>

  <p>The hours after sunset are when your skin shifts gears.</p>
  <p>While you sleep, your body initiates cellular repair, hormonal recalibration, and collagen production—making nighttime the most strategic window for effective skincare.</p>
  <p>A deliberate, well-structured routine can support this natural rhythm and amplify your skin’s ability to regenerate.</p>
  <p>Here’s how to design the most effective nighttime skincare protocol.</p>

  <h2>Step 1: <strong>Thorough Double Cleansing</strong></h2>

  <p>Skin accumulates more than just visible debris throughout the day.</p>
  <p>Makeup, sunscreen, sebum, environmental pollutants, and oxidized oils form a stubborn film that can interfere with overnight treatments.</p>
  <p>Start with an <strong>oil-based cleanser</strong> to dissolve oil-soluble impurities, followed by a <strong>gentle water-based cleanser</strong> to remove residual grime and water-soluble toxins.</p>
  <p>This two-step process ensures a pristine canvas for active ingredients.</p>

  <h2>Step 2: <strong>Low-pH Toner or Hydrating Essence</strong></h2>

  <p>Cleansing disrupts the skin’s acid mantle.</p>
  <p>To rebalance the skin’s pH and reintroduce hydration, apply a <strong>low-pH toner</strong> or a <strong>humectant-rich essence</strong>.</p>
  <p>Look for formulas containing <strong>glycerin</strong>, <strong>hyaluronic acid</strong>, or <strong>panthenol</strong>.</p>
  <p>This prepares the skin to absorb subsequent layers more effectively and mitigates potential irritation from actives.</p>

  <h2>Step 3: <strong>Targeted Treatments (Serums or Actives)</strong></h2>

  <p>At night, your skin is more permeable—both a vulnerability and an opportunity.</p>
  <p>Apply serums with <strong>evidence-backed active ingredients</strong> that correspond to your skin concerns:</p>

  <ul>
    <li><strong>Retinoids</strong> (e.g., retinaldehyde, tretinoin) for cellular turnover, acne, and fine lines</li>
    <li><strong>Niacinamide</strong> to reduce inflammation and strengthen the barrier</li>
    <li><strong>Peptides</strong> to stimulate collagen synthesis</li>
    <li><strong>Azelaic acid</strong> or <strong>tranexamic acid</strong> for discoloration and pigmentation</li>
  </ul>

  <p>These ingredients should be layered thoughtfully—retinoids, for instance, may clash with acids and require buffer layering or alternate-night use.</p>

  <h2>Step 4: <strong>Barrier Support and Moisture Lock-In</strong></h2>

  <p>Once your treatment layers are in place, seal everything in with an <strong>occlusive or emollient moisturizer</strong>.</p>
  <p>This final layer prevents transepidermal water loss (TEWL) and enhances ingredient penetration.</p>
  <p>Choose based on skin type:</p>

  <ul>
    <li><strong>Dry skin</strong>: Ceramide-rich creams or thick balms</li>
    <li><strong>Oily skin</strong>: Lightweight gel-cream hybrids with dimethicone or squalane</li>
    <li><strong>Sensitive skin</strong>: Fragrance-free, minimal-ingredient formulations with centella or oat extract</li>
  </ul>

  <h2>Step 5: <strong>Optional Enhancements</strong></h2>

  <p>Depending on lifestyle, climate, and skin condition, consider layering in:</p>

  <ul>
    <li><strong>Overnight masks</strong>: For hydration or exfoliation (no more than 1–2x weekly)</li>
    <li><strong>Slugging</strong>: A final layer of petrolatum (e.g., Vaseline) over moisturizer for extreme dryness</li>
    <li><strong>LED light therapy</strong>: Red light to support collagen; blue light for acne reduction</li>
  </ul>

  <h2>Final Thoughts</h2>

  <p>The best nighttime routine is less about trend adherence and more about <strong>consistency, biocompatibility, and evidence-based layering</strong>.</p>
  <p>Listen to your skin’s response, adapt seasonally, and prioritize simplicity over maximalism.</p>
  <p>Your skin is not a project—it’s an organ.</p>
  <p>Treat it with the respect and patience it deserves.</p>"
guide,"
  <h1>Nighttime Skincare: A Comprehensive Guide to Recovery and Renewal</h1>

  <p>Nightfall marks the beginning of the skin’s most active regenerative phase. As the body sleeps, the skin enters a state of accelerated repair—rebuilding collagen, correcting oxidative damage, and balancing hydration. The nighttime routine, therefore, plays a pivotal role in enhancing this natural cycle. When approached strategically, it transforms passive rest into deep cellular restoration.</p>

  <h2>Preparing the Skin: More Than Just Cleansing</h2>

  <p>Effective nighttime skincare begins with clearing the residue of the day. A single cleanse is often inadequate for modern skin exposed to pollution, SPF, and long-wear formulations. Combining an oil-based cleanser to dissolve sebum and sunscreen with a gentle aqueous cleanser allows for complete removal without disrupting the skin’s lipid barrier. The goal is not harsh stripping but creating clarity—ensuring the skin is receptive to what comes next.</p>

  <h2>Balancing and Rehydration</h2>

  <p>Once clean, the skin is momentarily vulnerable—its pH elevated and moisture levels slightly depleted. A low-pH toner or hydrating essence bridges this gap, helping restore the acid mantle and introducing humectants that anchor hydration. Ingredients such as glycerin, hyaluronic acid, or urea serve to draw water into the stratum corneum, priming the skin for active ingredients without triggering sensitivity.</p>

  <h2>Addressing Skin Needs Through Actives</h2>

  <p>Nighttime is ideal for deploying actives with clinical backing. Skin permeability increases during sleep, which can both enhance efficacy and increase reactivity. The formulation and combination of treatments should match the skin’s current condition, not its theoretical ideal. Retinoids may be introduced gradually to stimulate renewal and soften texture. Niacinamide offers anti-inflammatory and barrier-reinforcing effects. Brightening agents like azelaic acid or tranexamic acid are best tolerated overnight, away from UV interference. Consistency is critical, but so is restraint—overuse undermines integrity.</p>

  <h2>Reinforcing the Barrier</h2>

  <p>Actives should never be the final layer. Without occlusion, hydration escapes, and irritation often follows. Moisturizers at night serve more than comfort—they reinforce the skin’s defenses and extend the delivery of treatments. Rich creams with ceramides and fatty acids support dry or barrier-impaired skin. Gels or emulsions suit oilier types, provided they are non-comedogenic and free of drying alcohols. This stage should never be skipped, even in minimalist routines.</p>

  <h2>Optional but Impactful Enhancements</h2>

  <p>Beyond the core routine, a few additions can elevate the skin’s recovery. Overnight masks boost hydration reserves and may offer mild exfoliation if well-formulated. Slugging, the application of an occlusive like petrolatum, can benefit severely dry skin by locking in every previous layer. LED therapy, particularly in red wavelengths, supports healing and dermal stimulation with minimal invasiveness. These techniques are not essential nightly but provide strategic boosts when needed.</p>

  <h2>Conclusion: Intentionality Over Complexity</h2>

  <p>The best nighttime routine is not defined by the number of steps, but by their relevance and alignment with skin biology. It respects the skin’s rhythms rather than overriding them. Skincare should not chase novelty—it should refine and reinforce what the body is already striving to do: repair. When product choice is intentional and layering is thoughtful, the skin becomes more resilient, balanced, and visibly restored by morning.</p>"
q_and_a,"<h1>Nighttime Skincare: Your Questions Answered</h1>

  <h2>Why is nighttime skincare so important?</h2>
  <p>At night, the skin enters its peak repair mode. Cellular turnover accelerates, collagen synthesis increases, and moisture loss intensifies. A well-planned nighttime routine complements this natural rhythm, enhancing recovery, reducing inflammation, and boosting overall skin health while you sleep.</p>

  <h2>What’s the first thing I should do before applying products?</h2>
  <p>Begin with double cleansing. This involves using an oil-based cleanser to dissolve sebum, makeup, and sunscreen, followed by a gentle water-based cleanser to remove sweat, pollution, and water-soluble residue. This two-step process ensures your skin is clean without stripping it of essential lipids.</p>

  <h2>Do I need a toner or essence after cleansing?</h2>
  <p>Yes, especially if your skin feels tight or dry post-cleansing. A low-pH toner or hydrating essence helps rebalance the skin’s acid mantle and delivers initial hydration. Ingredients like glycerin, hyaluronic acid, or panthenol are ideal for replenishing moisture and prepping the skin for actives.</p>

  <h2>What active ingredients work best at night?</h2>
  <p>Nighttime is optimal for using active ingredients that benefit from reduced sun exposure and increased skin permeability. Common options include:</p>
  <ul>
    <li><strong>Retinoids</strong> – for anti-aging, acne, and texture refinement</li>
    <li><strong>Niacinamide</strong> – for barrier support and brightening</li>
    <li><strong>Peptides</strong> – to boost collagen production</li>
    <li><strong>Azelaic acid or tranexamic acid</strong> – for calming and pigmentation control</li>
  </ul>
  <p>These should be chosen based on your skin’s current needs, not just trends.</p>

  <h2>How do I lock in moisture and protect my skin overnight?</h2>
  <p>Follow your actives with a moisturizer tailored to your skin type. For dry or sensitive skin, use a ceramide-rich or occlusive cream. For oilier skin, opt for lighter, non-comedogenic formulations. The moisturizer helps seal in treatments, reduce trans-epidermal water loss (TEWL), and support overnight recovery.</p>

  <h2>Are there any optional steps worth considering?</h2>
  <p>Yes—when used thoughtfully. Some beneficial add-ons include:</p>
  <ul>
    <li><strong>Overnight masks</strong> – to deliver deep hydration or mild exfoliation once or twice a week</li>
    <li><strong>Slugging</strong> – applying an occlusive like petrolatum over moisturizer to prevent moisture loss</li>
    <li><strong>LED light therapy</strong> – red light to support collagen, blue light to reduce acne-causing bacteria</li>
  </ul>
  <p>These should be used in moderation and based on what your skin responds to.</p>

  <h2>How can I tell if my nighttime routine is working?</h2>
  <p>Look for signs of improved hydration, reduced redness, smoother texture, and fewer breakouts over time. Nighttime skincare is a long-term investment; results often build gradually. If irritation occurs, scale back and simplify. The best routine is one your skin can tolerate consistently.</p>

  <h2>Is more always better when it comes to products?</h2>
  <p>Not at all. More products can mean more irritation, especially with active ingredients. A streamlined routine that focuses on your skin’s essential needs—cleansing, hydration, targeted treatments, and protection—is more effective than an overloaded regimen. Skincare should support your skin, not overwhelm it.</p>"
step_by_step,"<h1>Step-by-Step Nighttime Skincare Routine</h1>

  <p>A structured evening routine maximizes your skin’s natural repair cycle. At night, the skin becomes more permeable and metabolically active, making it the ideal time to nourish, treat, and protect. Follow these steps to build a powerful and restorative nightly regimen.</p>

  <h2>Step 1: Double Cleanse</h2>
  <p>Start with an oil-based cleanser to dissolve sunscreen, makeup, and excess sebum. Follow with a gentle water-based cleanser to remove sweat, pollution, and residual debris. This ensures a clean canvas without stripping the skin’s natural barrier.</p>

  <h2>Step 2: Rebalance with a Toner or Essence</h2>
  <p>Use a low-pH toner or a hydrating essence immediately after cleansing. These products help restore the skin’s acid mantle and introduce moisture. Look for ingredients like hyaluronic acid, glycerin, or panthenol to attract water and soothe the skin.</p>

  <h2>Step 3: Apply Targeted Treatments</h2>
  <p>Introduce active ingredients based on your skin’s needs. This may include:</p>
  <ul>
    <li><strong>Retinoids</strong> for acne, fine lines, and cell turnover</li>
    <li><strong>Niacinamide</strong> for barrier support and oil regulation</li>
    <li><strong>Peptides</strong> to stimulate collagen</li>
    <li><strong>Azelaic or tranexamic acid</strong> for pigmentation and inflammation</li>
  </ul>
  <p>Layer carefully and avoid mixing ingredients that might irritate when used together. For example, retinoids and exfoliating acids should not be applied in the same session unless tolerance has been built.</p>

  <h2>Step 4: Seal with Moisturizer</h2>
  <p>Lock in hydration and support the skin barrier with a nourishing moisturizer. Choose according to your skin type:</p>
  <ul>
    <li><strong>Dry skin</strong>: Use thick creams with ceramides, fatty acids, and cholesterol</li>
    <li><strong>Oily skin</strong>: Opt for lightweight gel creams with ingredients like squalane or dimethicone</li>
    <li><strong>Sensitive skin</strong>: Look for minimalist formulas with soothing agents like centella asiatica or colloidal oat</li>
  </ul>
  <p>This step helps prevent overnight water loss and keeps actives working efficiently.</p>

  <h2>Step 5: Optional Enhancements</h2>
  <p>Depending on skin condition, consider adding:</p>
  <ul>
    <li><strong>Overnight masks</strong>: Used 1–2 times weekly to replenish hydration or exfoliate gently</li>
    <li><strong>Slugging</strong>: Apply a thin layer of petrolatum over moisturizer to reduce transepidermal water loss in dry environments</li>
    <li><strong>LED light therapy</strong>: Red light for anti-aging and blue light for acne control</li>
  </ul>
  <p>These are not mandatory but can offer measurable benefits when used appropriately.</p>

  <h2>Final Thoughts</h2>
  <p>Your skin does its best work while you rest. This routine doesn’t need to be complicated—it just needs to be consistent and intentional. Start with the basics, observe how your skin responds, and adjust gradually. Skincare is not about perfection; it’s about progress supported by science and habit.</p>"
dense_prose,"<p>Choosing the perfect luxury destination for a family holiday requires more than simply selecting a five-star resort—it’s a careful balance of age-appropriate amenities, cultural engagement, safety, and seamless logistics. The most memorable family holidays are those that cater not only to adult tastes but also to the needs and rhythms of younger travelers, creating shared experiences that resonate long after the return flight. Destinations that combine impeccable service with thoughtful programming—such as supervised kids’ clubs, educational excursions, and adaptable menus—offer a refined yet relaxed environment for all.</p>

<p>In Europe, the Amalfi Coast and the Algarve exemplify this mix, with historic towns, gentle waters, and villas that prioritize privacy and space. For those preferring a blend of culture and nature, Switzerland’s lakes and alpine resorts provide refined tranquility alongside family-friendly trails, scenic railways, and winter sports. If sun and water are paramount, the Maldives and Mauritius offer overwater luxury with shallow lagoons ideal for supervised play, while top resorts deliver marine biology programs and butler service with equal finesse.</p>

<p>Further afield, Southeast Asia stands out for its hospitality and affordability without compromise. Bali, for example, manages to weave spiritual richness with a burgeoning luxury hospitality scene—think cliffside infinity pools, bamboo-built kids’ clubs, and private villas flanked by rice fields. Meanwhile, Japan’s reverent attention to detail translates into stress-free train journeys, family ryokans, and curated cultural immersions. For North American travelers, Hawaii and British Columbia offer a spectrum of landscapes and lodgings: volcano hikes one day, spa retreats the next, with whale watching and zip-lining somewhere in between.</p>

<p>Logistics matter—families need direct flights, reliable healthcare, and high safety standards. Destinations that anticipate these needs—providing English-speaking childcare, car seats, blackout blinds, and hypoallergenic bedding—earn loyalty and repeat bookings. Luxury is not defined solely by thread count or fine dining, but by how well a place adapts to the daily realities of family life while still elevating the experience into something exceptional.</p>

<p>Ultimately, the best luxury family holidays are not defined by geography alone but by the ability to deliver rare harmony: indulgence without stress, novelty without chaos, and comfort without compromise. Whether in the Seychelles or South Tyrol, the right destination is the one that speaks to your family’s shared values—curiosity, rest, discovery—and frames them within a setting of understated elegance and thoughtful design.</p>"
guide,"<p><strong>The Luxury Family Holiday Guide: Choosing the Right Destination</strong></p>

<p>Finding the ideal luxury destination for a family holiday isn’t about the fanciest hotel or the most remote beach—it’s about thoughtful design, ease of travel, and creating memories that suit every member of the family. This guide walks you through what to look for, where to go, and how to make it all feel effortless.</p>

<p><strong>Understand What Luxury Means for Families</strong></p>
<p>Luxury, when travelling with children, is less about exclusivity and more about harmony. A truly luxurious experience blends five-star service with kid-friendly flexibility—think spacious accommodations, intuitive amenities, and curated experiences that bring families together.</p>

<p><strong>Top Destination Types</strong></p>
<ul>
  <li><strong>Coastal Europe:</strong> Italy’s Amalfi Coast and Portugal’s Algarve combine old-world charm with sun, sea, and space. These areas offer villa living, gentle beaches, and vibrant towns perfect for low-key exploration.</li>
  <li><strong>Mountain Retreats:</strong> Switzerland is ideal for clean air, lakeside lounging, and gentle outdoor activities like tobogganing or cable-car hikes that are exciting but accessible for young travelers.</li>
  <li><strong>Tropical Islands:</strong> The Maldives and Mauritius lead with luxury in the sand—think private pools, lagoon snorkeling, and discreet but attentive service that caters to both toddlers and teens.</li>
  <li><strong>Cultural Escapes:</strong> Bali’s resorts fuse jungle luxury with rich tradition, offering immersive experiences that entertain and educate. Japan provides spotless infrastructure, family ryokans, and unforgettable food and nature experiences in equal measure.</li>
  <li><strong>North American Nature:</strong> Hawaii’s multi-island appeal makes it a firm favourite. Meanwhile, Canada’s west coast—particularly British Columbia—offers whale watching, hot springs, and luxury wilderness lodges.</li>
</ul>

<p><strong>What to Look for in a Resort or Hotel</strong></p>
<ul>
  <li>Childcare or supervised kids’ clubs with enriching activities</li>
  <li>Family suites or villas with space to spread out</li>
  <li>Menus that cater to all dietary needs and preferences</li>
  <li>Medical support and safety-conscious services</li>
  <li>Concierge services that understand and anticipate family needs</li>
</ul>

<p><strong>Travel Tips for a Seamless Experience</strong></p>
<ul>
  <li>Opt for direct flights wherever possible to reduce transit stress</li>
  <li>Choose destinations in the right season for your activities—beach, snow, wildlife, etc.</li>
  <li>Pack light but smart—most top-tier resorts will provide essentials like strollers, cribs, and baby toiletries</li>
  <li>Work with a specialist travel planner or concierge to smooth over time zones, transfers, and last-minute changes</li>
</ul>

<p><strong>Final Thought</strong></p>
<p>The best luxury family holiday isn’t just about where you go—it’s about how well a destination allows you to be together. When chosen wisely, your surroundings should remove friction and introduce joy. From coral reefs to cobblestone towns, the ideal spot is one that speaks to your family’s unique rhythm and rewards it with ease, warmth, and wonder.</p>"
q_and_a,"<p><strong>Q: What defines a good luxury destination for a family holiday?</strong></p>
<p>A: A truly exceptional luxury destination goes beyond plush accommodations—it must cater to all ages. That means combining refined amenities with practical support for parents, child-friendly experiences, and safe, stress-free logistics. The best destinations strike a balance between indulgence and ease, offering something memorable for every family member.</p>

<p><strong>Q: Which European destinations are best suited for luxury family travel?</strong></p>
<p>A: In Europe, families often gravitate toward the Amalfi Coast or the Algarve for their stunning coastlines and charm. Switzerland offers peaceful lakeside resorts and alpine adventures with high-end touches, ideal for those who want a mix of nature and luxury in a family-friendly format.</p>

<p><strong>Q: Are there tropical locations that work well for kids and luxury-minded parents?</strong></p>
<p>A: Absolutely. The Maldives and Mauritius offer overwater villas and private beaches paired with shallow lagoons and expert childcare. Many luxury resorts in these regions also provide marine-focused learning experiences, ensuring both entertainment and education for younger guests.</p>

<p><strong>Q: How does Southeast Asia compare for luxury family travel?</strong></p>
<p>A: Southeast Asia, especially Bali and parts of Thailand, excels at combining rich culture with attentive service. Bali’s luxury scene includes family villas with private pools, immersive activities, and wellness retreats that accommodate children. Japan, while more structured, is deeply family-oriented and excels in hospitality and safety.</p>

<p><strong>Q: What about options closer to North America?</strong></p>
<p>A: Hawaii remains a top-tier option, offering luxurious resorts on Maui and the Big Island with built-in family programs and easy access to nature. British Columbia also delivers, with high-end lodges and experiences ranging from bear watching to mountain biking, all within a pristine environment.</p>

<p><strong>Q: What practical factors should families consider before booking?</strong></p>
<p>A: Direct flights, availability of medical care, and child-specific amenities are all essential. Families should look for resorts with English-speaking staff, tailored menus, blackout curtains, and gear like car seats or strollers. These details often define the ease of the experience as much as the destination itself.</p>

<p><strong>Q: So what makes a luxury family holiday truly successful?</strong></p>
<p>A: It’s the intersection of comfort and connection. The best trips deliver relaxation for parents, stimulation for kids, and enough shared experiences to bring everyone closer. Whether in the mountains of South Tyrol or the beaches of the Seychelles, the key is thoughtful service wrapped in natural beauty and cultural richness.</p>"
step_by_step,"<p><strong>Step 1: Define Your Family's Priorities</strong></p>
<p>Start by identifying what matters most to your family—be it beach time, cultural immersion, nature adventures, or pure relaxation. Consider the ages of your children, their interests, and the kind of pace you’re seeking. A luxury holiday should reflect your shared rhythms, not just a checklist of five-star features.</p>

<p><strong>Step 2: Choose a Destination That Balances Sophistication and Simplicity</strong></p>
<p>Look for locations that offer elegance without excess. In Europe, the Amalfi Coast and the Algarve provide rich history, gentle beaches, and high-end service. For alpine luxury, consider Switzerland, where lakeside hotels and mountain resorts cater to both calm and activity.</p>

<p><strong>Step 3: Match the Setting to the Season</strong></p>
<p>Timing is critical. For winter breaks, look to ski resorts with dedicated children’s slopes and spa facilities for parents. In summer, island escapes like the Maldives or Mauritius offer sun-drenched seclusion, warm lagoons, and educational programs for younger guests.</p>

<p><strong>Step 4: Focus on Family-Oriented Luxury</strong></p>
<p>The best resorts anticipate needs: kids’ clubs with enriching activities, menus adapted for fussy eaters, babysitting on demand, and suites with separate bedrooms. Private villas or interconnecting rooms often strike the right balance between togetherness and personal space.</p>

<p><strong>Step 5: Consider Southeast Asia for Culture and Value</strong></p>
<p>Bali and Thailand deliver warmth in every sense—hospitality, climate, and experience. You’ll find jungle retreats, beachside sanctuaries, and staff who remember your children’s names. Japan, meanwhile, offers a polished, peaceful experience where everything runs on time and families are treated with care and respect.</p>

<p><strong>Step 6: Don’t Overlook North America’s Natural Wonders</strong></p>
<p>For less jet lag and more wilderness, destinations like Hawaii and British Columbia deliver variety with ease. Think guided volcano tours, luxury eco-lodges, and oceanside resorts where whales breach just offshore and kids learn through discovery, not just diversion.</p>

<p><strong>Step 7: Plan for Practicalities</strong></p>
<p>Luxury means little if basics are neglected. Choose destinations with direct flights, robust healthcare, and safety-first infrastructure. Look for resorts that provide essentials like car seats, high chairs, hypoallergenic bedding, and flexible dining hours. Small comforts make a big difference.</p>

<p><strong>Step 8: Book Experiences, Not Just Rooms</strong></p>
<p>The magic often lies in the memories you create together—sunset cruises, cooking classes, animal encounters. Seek properties that offer curated family experiences, ensuring the trip feels both effortless and extraordinary.</p>

<p><strong>Step 9: Choose Design That Supports Rest and Play</strong></p>
<p>Spaces matter. Look for thoughtful design—shaded outdoor areas, blackout blinds, walkable grounds, quiet zones. The best resorts create an environment where children feel free and parents feel calm.</p>

<p><strong>Step 10: Prioritise Connection Over Perfection</strong></p>
<p>A successful luxury family holiday isn’t about flawless service or picture-perfect views—it’s about reconnection. The right destination will feel like an extension of your family’s values, offering you time, space, and experiences to enjoy one another without distraction or compromise.</p>"
dense_prose,"<h1>How to Choose the Best Running Shoes</h1>

  <p>Selecting the best running shoes isn’t just a matter of brand preference or color choice — it’s about matching your footwear to your body, goals, and terrain. Every runner has a unique profile, and finding the right shoe begins with understanding your experience level, gait, and the kind of running you do. Beginners should look for cushioned, comfortable shoes that help absorb impact and reduce strain, while more experienced runners might favor lighter, more responsive designs. Gait analysis, often available in specialist stores, can identify whether you overpronate, supinate, or have a neutral stride — guiding you toward stability shoes, motion control models, or neutral trainers respectively.</p>

  <p>The nature of your running — whether it's on the road, trail, or treadmill — also plays a key role in shoe selection. Road runners typically need lightweight, cushioned shoes that can handle hard surfaces, while trail runners require grippy soles and reinforced uppers to protect against rocks, mud, and uneven ground. Treadmill runners benefit from responsive cushioning without the need for rugged tread. Distance matters, too: shorter runs (up to 5K) may call for minimal shoes or racing flats, mid-range efforts (10K to half marathon) need a balance of cushioning and weight, and long distances (marathon or more) require maximum comfort, support, and impact protection over time.</p>

  <p>Your level of fitness and primary running goals will also shape your choice. If you're running for general health or weight management, opt for a durable, well-cushioned shoe that prioritizes joint protection. If performance is your focus, lightweight, responsive shoes with minimal cushioning can help you increase speed and efficiency. For injury recovery or runners with specific foot concerns, look for enhanced shock absorption and support features, possibly including orthotic compatibility or extra arch reinforcement.</p>

  <p>Regardless of category, it’s essential to try shoes on before buying. Feet swell throughout the day, so try on shoes in the evening while wearing the same socks you’d run in. Ensure there’s about a thumb’s width of space at the toe, a secure heel fit, and no pinching or slipping. Walk and jog briefly if possible to test real movement. And don’t forget: even the best shoes have a mileage limit. Most running shoes last between 300 and 500 miles before the midsole compresses and support deteriorates. Ignoring this can increase the risk of injury, so track your usage and inspect your shoes regularly.</p>

  <p>Ultimately, the best running shoes are the ones that suit your stride, support your goals, and help keep you running comfortably and consistently. Take the time to match your needs with the right pair — your feet, knees, and hips will thank you every mile.</p>"
guide," <h1>How to Choose the Best Running Shoes</h1>

  <p>Finding the right running shoes is about much more than style or brand. The best pair is the one that suits your body, your goals, and your terrain. Whether you're preparing for your first 5K or you're a seasoned marathoner, this guide will help you choose shoes that support your performance and keep you injury-free.</p>

  <h2>1. Understand Your Running Profile</h2>

  <p>The first step is to understand your own running profile. Everyone’s feet, running style, and goals are different — and your shoes should reflect that.</p>

  <h3>Consider Your Experience Level</h3>
  <p>
    <strong>Beginners:</strong> Prioritize cushioning and comfort. New runners often benefit from neutral shoes with solid support.<br>
    <strong>Experienced runners:</strong> May prefer lighter, more responsive shoes, especially for tempo runs or races.
  </p>

  <h3>Evaluate Your Gait</h3>
  <p>
    Knowing how your foot strikes the ground is crucial. A gait analysis (available at many specialist running stores) can reveal whether you overpronate (foot rolls inward), supinate (rolls outward), or have a neutral gait. This determines whether you need:
  </p>
  <ul>
    <li><strong>Stability shoes</strong> for mild to moderate overpronation</li>
    <li><strong>Motion control shoes</strong> for severe overpronation</li>
    <li><strong>Neutral shoes</strong> for normal pronation or supination</li>
  </ul>

  <h2>2. Match Your Shoes to Your Running Style</h2>

  <p>Not all running is the same. The surface, pace, and distance you typically run can all influence the type of shoe you need.</p>

  <h3>What Kind of Running Do You Do?</h3>
  <ul>
    <li><strong>Road Running:</strong> Choose lightweight shoes with cushioning for hard surfaces.</li>
    <li><strong>Trail Running:</strong> Go for grippy soles and protective uppers to handle rocks, mud, and uneven terrain.</li>
    <li><strong>Treadmill Running:</strong> Cushioned, lightweight shoes work well indoors, where the surface is more forgiving.</li>
  </ul>

  <h3>How Far Do You Typically Run?</h3>
  <p>
    <strong>Short runs (up to 5K):</strong> Lightweight shoes or even racing flats may be ideal.<br>
    <strong>Middle distance (10K to half marathon):</strong> Balance is key — look for moderate cushioning and support.<br>
    <strong>Long distance (marathon+):</strong> Prioritize comfort, stability, and impact absorption.
  </p>

  <h2>3. Factor in Your Fitness Level and Goals</h2>

  <p>Are you running for weight loss, general fitness, or speed? Each goal brings its own considerations.</p>

  <ul>
    <li><strong>Fitness and weight management:</strong> Look for durable shoes with ample cushioning to support joint health.</li>
    <li><strong>Performance and speed:</strong> Consider lightweight shoes with less cushioning for greater responsiveness.</li>
    <li><strong>Injury recovery:</strong> Choose shoes with excellent shock absorption and possibly extra arch support.</li>
  </ul>

  <h2>4. Try Before You Buy</h2>

  <p>Always try on running shoes at the end of the day when your feet are at their largest. Wear the socks you plan to run in. Walk and jog around the store or on a treadmill if available. Your toes should have a thumb’s width of space at the front, and the heel should stay secure without slipping.</p>

  <h2>5. Replace Worn-Out Shoes Regularly</h2>

  <p>Even the best shoes have a lifespan. Most running shoes last between 300–500 miles. Beyond that, cushioning degrades and injury risk increases. Keep track of your mileage and inspect your shoes for signs of wear, such as flattening midsoles or worn-out treads.</p>

  <h2>Conclusion</h2>

  <p>Choosing the best running shoes is a personal process — what works for one runner may not work for another. Consider your goals, terrain, body mechanics, and comfort preferences. Invest in the right pair, and your feet (and knees, and hips) will thank you for it.</p>"
q_and_a," <h1>How to Choose the Best Running Shoes – Q&A</h1>

  <h2>Q: Why is it important to choose the right running shoes?</h2>
  <p>A: Running shoes aren’t just about aesthetics — they directly affect comfort, performance, and injury prevention. The right shoes complement your running style, fit your body mechanics, and provide the support you need based on distance, terrain, and experience level.</p>

  <h2>Q: How does my experience level affect the type of shoe I need?</h2>
  <p>A: Beginners typically benefit from cushioned, comfortable shoes that offer reliable support and absorb impact, helping to reduce injury risk. More advanced runners may choose lighter shoes with increased responsiveness for speed and performance, especially during races or tempo runs.</p>

  <h2>Q: Do I need a gait analysis before buying running shoes?</h2>
  <p>A: While not essential, gait analysis is highly recommended. It helps identify how your foot moves during a stride — whether you overpronate, supinate, or remain neutral — and determines whether you need stability shoes, motion control models, or neutral trainers. Many running shops offer this service in-store.</p>

  <h2>Q: How should I choose shoes based on the type of running I do?</h2>
  <p>A: It depends on your terrain. Road runners should go for lightweight, cushioned shoes that perform well on hard, flat surfaces. Trail runners need shoes with aggressive grip and reinforced uppers for protection and traction on uneven terrain. For treadmill running, you can focus more on cushioning and flexibility, since treadmills are already impact-reducing.</p>

  <h2>Q: What role does running distance play in selecting shoes?</h2>
  <p>A: Distance affects the amount of support and comfort you need. Short distances (like 5Ks) might favor minimalist or racing shoes. Medium distances (10K to half marathon) need a balance between cushioning and weight. Long distances (marathon and beyond) demand high comfort, durability, and strong impact protection.</p>

  <h2>Q: How does fitness level or training goal influence shoe selection?</h2>
  <p>A: Your goals guide your footwear. For general fitness or weight loss, shoes with strong cushioning and durability are best. For speed and performance, lightweight and responsive shoes are ideal. If recovering from injury or dealing with foot issues, prioritize shoes with excellent shock absorption and structural support.</p>

  <h2>Q: What’s the best way to try on running shoes?</h2>
  <p>A: Try them on in the evening, when your feet are slightly swollen — this mimics how they’ll feel after running. Wear your usual running socks and ensure there’s a thumb’s width of space at the front. The heel should fit snugly without slipping, and there should be no rubbing or pressure points when walking or jogging.</p>

  <h2>Q: How often should I replace my running shoes?</h2>
  <p>A: Most running shoes should be replaced every 300–500 miles. Over time, cushioning breaks down and the support weakens, which can increase the risk of injury. Monitor your mileage and inspect your shoes regularly for wear on the tread and midsole compression.</p>

  <h2>Q: What’s the single most important factor when choosing running shoes?</h2>
  <p>A: Comfort. Even if a shoe fits all technical criteria, it needs to feel right on your foot. A shoe that supports your stride, feels stable underfoot, and doesn’t cause irritation or pressure will help you run more efficiently and with less risk of injury.</p>"
step_by_step,"<h1>Step-by-Step Guide to Choosing the Best Running Shoes</h1>

  <p>Choosing the right running shoes doesn’t have to be overwhelming. Follow these steps to find a pair that supports your body, matches your running style, and helps you run comfortably and safely.</p>

  <h2>Step 1: Understand Your Experience Level</h2>
  <p>If you're new to running, start with well-cushioned shoes that offer general support and shock absorption. More experienced runners may prefer lighter, more responsive shoes that support performance and speed, especially during training or races.</p>

  <h2>Step 2: Identify Your Gait Pattern</h2>
  <p>Get a gait analysis (offered at many running stores) or check wear patterns on your old shoes. This will help determine whether you overpronate, supinate, or have a neutral stride — and whether you need stability shoes, motion control shoes, or neutral models.</p>

  <h2>Step 3: Match Shoes to Running Type</h2>
  <p>Think about where you run. For road running, look for lightweight, cushioned shoes. Trail running calls for shoes with grip, protection, and durability. Treadmill runners can focus on comfort and responsiveness, without the need for rugged soles.</p>

  <h2>Step 4: Factor in Running Distance</h2>
  <p>Short runs (under 5K) may benefit from minimal, lightweight shoes. Medium distances (10K to half marathons) require a balance of cushioning and performance. For long distances (marathons and beyond), prioritize shoes that offer strong support and long-lasting comfort.</p>

  <h2>Step 5: Consider Your Fitness Level and Goals</h2>
  <p>If you're running for general fitness or weight loss, focus on comfort and joint protection. For speed and racing, choose lightweight, responsive shoes. If you're recovering from injury, look for maximum cushioning and structural support.</p>

  <h2>Step 6: Try Shoes on Properly</h2>
  <p>Try shoes on at the end of the day, when your feet are slightly swollen. Wear your regular running socks and ensure there’s about a thumb’s width of space at the toe. Walk or jog to check for any slipping, pressure, or discomfort.</p>

  <h2>Step 7: Replace Worn-Out Shoes</h2>
  <p>Track your mileage and replace shoes every 300–500 miles. Once cushioning compresses or the tread wears down, your shoes won’t offer the protection you need — and your injury risk will increase.</p>

  <h2>Step 8: Prioritize Comfort</h2>
  <p>Ultimately, comfort is king. A shoe that fits well, feels right, and supports your stride is more important than brand or looks. If it doesn’t feel great in the store, it won’t feel great on the road.</p>

  <p>By following these steps, you'll be equipped to choose running shoes that align with your needs and support your running journey — from first strides to finish lines.</p>"