variant,text
dense_prose,"<h1>The Best Nighttime Skincare Routine for Optimal Skin Repair</h1>

  <p>The hours after sunset are when your skin shifts gears.</p>
  <p>While you sleep, your body initiates cellular repair, hormonal recalibration, and collagen production—making nighttime the most strategic window for effective skincare.</p>
  <p>A deliberate, well-structured routine can support this natural rhythm and amplify your skin’s ability to regenerate.</p>
  <p>Here’s how to design the most effective nighttime skincare protocol.</p>

  <h2>Step 1: <strong>Thorough Double Cleansing</strong></h2>

  <p>Skin accumulates more than just visible debris throughout the day.</p>
  <p>Makeup, sunscreen, sebum, environmental pollutants, and oxidized oils form a stubborn film that can interfere with overnight treatments.</p>
  <p>Start with an <strong>oil-based cleanser</strong> to dissolve oil-soluble impurities, followed by a <strong>gentle water-based cleanser</strong> to remove residual grime and water-soluble toxins.</p>
  <p>This two-step process ensures a pristine canvas for active ingredients.</p>

  <h2>Step 2: <strong>Low-pH Toner or Hydrating Essence</strong></h2>

  <p>Cleansing disrupts the skin’s acid mantle.</p>
  <p>To rebalance the skin’s pH and reintroduce hydration, apply a <strong>low-pH toner</strong> or a <strong>humectant-rich essence</strong>.</p>
  <p>Look for formulas containing <strong>glycerin</strong>, <strong>hyaluronic acid</strong>, or <strong>panthenol</strong>.</p>
  <p>This prepares the skin to absorb subsequent layers more effectively and mitigates potential irritation from actives.</p>

  <h2>Step 3: <strong>Targeted Treatments (Serums or Actives)</strong></h2>

  <p>At night, your skin is more permeable—both a vulnerability and an opportunity.</p>
  <p>Apply serums with <strong>evidence-backed active ingredients</strong> that correspond to your skin concerns:</p>

  <ul>
    <li><strong>Retinoids</strong> (e.g., retinaldehyde, tretinoin) for cellular turnover, acne, and fine lines</li>
    <li><strong>Niacinamide</strong> to reduce inflammation and strengthen the barrier</li>
    <li><strong>Peptides</strong> to stimulate collagen synthesis</li>
    <li><strong>Azelaic acid</strong> or <strong>tranexamic acid</strong> for discoloration and pigmentation</li>
  </ul>

  <p>These ingredients should be layered thoughtfully—retinoids, for instance, may clash with acids and require buffer layering or alternate-night use.</p>

  <h2>Step 4: <strong>Barrier Support and Moisture Lock-In</strong></h2>

  <p>Once your treatment layers are in place, seal everything in with an <strong>occlusive or emollient moisturizer</strong>.</p>
  <p>This final layer prevents transepidermal water loss (TEWL) and enhances ingredient penetration.</p>
  <p>Choose based on skin type:</p>

  <ul>
    <li><strong>Dry skin</strong>: Ceramide-rich creams or thick balms</li>
    <li><strong>Oily skin</strong>: Lightweight gel-cream hybrids with dimethicone or squalane</li>
    <li><strong>Sensitive skin</strong>: Fragrance-free, minimal-ingredient formulations with centella or oat extract</li>
  </ul>

  <h2>Step 5: <strong>Optional Enhancements</strong></h2>

  <p>Depending on lifestyle, climate, and skin condition, consider layering in:</p>

  <ul>
    <li><strong>Overnight masks</strong>: For hydration or exfoliation (no more than 1–2x weekly)</li>
    <li><strong>Slugging</strong>: A final layer of petrolatum (e.g., Vaseline) over moisturizer for extreme dryness</li>
    <li><strong>LED light therapy</strong>: Red light to support collagen; blue light for acne reduction</li>
  </ul>

  <h2>Final Thoughts</h2>

  <p>The best nighttime routine is less about trend adherence and more about <strong>consistency, biocompatibility, and evidence-based layering</strong>.</p>
  <p>Listen to your skin’s response, adapt seasonally, and prioritize simplicity over maximalism.</p>
  <p>Your skin is not a project—it’s an organ.</p>
  <p>Treat it with the respect and patience it deserves.</p>"
guide,"
  <h1>Nighttime Skincare: A Comprehensive Guide to Recovery and Renewal</h1>

  <p>Nightfall marks the beginning of the skin’s most active regenerative phase. As the body sleeps, the skin enters a state of accelerated repair—rebuilding collagen, correcting oxidative damage, and balancing hydration. The nighttime routine, therefore, plays a pivotal role in enhancing this natural cycle. When approached strategically, it transforms passive rest into deep cellular restoration.</p>

  <h2>Preparing the Skin: More Than Just Cleansing</h2>

  <p>Effective nighttime skincare begins with clearing the residue of the day. A single cleanse is often inadequate for modern skin exposed to pollution, SPF, and long-wear formulations. Combining an oil-based cleanser to dissolve sebum and sunscreen with a gentle aqueous cleanser allows for complete removal without disrupting the skin’s lipid barrier. The goal is not harsh stripping but creating clarity—ensuring the skin is receptive to what comes next.</p>

  <h2>Balancing and Rehydration</h2>

  <p>Once clean, the skin is momentarily vulnerable—its pH elevated and moisture levels slightly depleted. A low-pH toner or hydrating essence bridges this gap, helping restore the acid mantle and introducing humectants that anchor hydration. Ingredients such as glycerin, hyaluronic acid, or urea serve to draw water into the stratum corneum, priming the skin for active ingredients without triggering sensitivity.</p>

  <h2>Addressing Skin Needs Through Actives</h2>

  <p>Nighttime is ideal for deploying actives with clinical backing. Skin permeability increases during sleep, which can both enhance efficacy and increase reactivity. The formulation and combination of treatments should match the skin’s current condition, not its theoretical ideal. Retinoids may be introduced gradually to stimulate renewal and soften texture. Niacinamide offers anti-inflammatory and barrier-reinforcing effects. Brightening agents like azelaic acid or tranexamic acid are best tolerated overnight, away from UV interference. Consistency is critical, but so is restraint—overuse undermines integrity.</p>

  <h2>Reinforcing the Barrier</h2>

  <p>Actives should never be the final layer. Without occlusion, hydration escapes, and irritation often follows. Moisturizers at night serve more than comfort—they reinforce the skin’s defenses and extend the delivery of treatments. Rich creams with ceramides and fatty acids support dry or barrier-impaired skin. Gels or emulsions suit oilier types, provided they are non-comedogenic and free of drying alcohols. This stage should never be skipped, even in minimalist routines.</p>

  <h2>Optional but Impactful Enhancements</h2>

  <p>Beyond the core routine, a few additions can elevate the skin’s recovery. Overnight masks boost hydration reserves and may offer mild exfoliation if well-formulated. Slugging, the application of an occlusive like petrolatum, can benefit severely dry skin by locking in every previous layer. LED therapy, particularly in red wavelengths, supports healing and dermal stimulation with minimal invasiveness. These techniques are not essential nightly but provide strategic boosts when needed.</p>

  <h2>Conclusion: Intentionality Over Complexity</h2>

  <p>The best nighttime routine is not defined by the number of steps, but by their relevance and alignment with skin biology. It respects the skin’s rhythms rather than overriding them. Skincare should not chase novelty—it should refine and reinforce what the body is already striving to do: repair. When product choice is intentional and layering is thoughtful, the skin becomes more resilient, balanced, and visibly restored by morning.</p>"
q_and_a,"<h1>Nighttime Skincare: Your Questions Answered</h1>

  <h2>Why is nighttime skincare so important?</h2>
  <p>At night, the skin enters its peak repair mode. Cellular turnover accelerates, collagen synthesis increases, and moisture loss intensifies. A well-planned nighttime routine complements this natural rhythm, enhancing recovery, reducing inflammation, and boosting overall skin health while you sleep.</p>

  <h2>What’s the first thing I should do before applying products?</h2>
  <p>Begin with double cleansing. This involves using an oil-based cleanser to dissolve sebum, makeup, and sunscreen, followed by a gentle water-based cleanser to remove sweat, pollution, and water-soluble residue. This two-step process ensures your skin is clean without stripping it of essential lipids.</p>

  <h2>Do I need a toner or essence after cleansing?</h2>
  <p>Yes, especially if your skin feels tight or dry post-cleansing. A low-pH toner or hydrating essence helps rebalance the skin’s acid mantle and delivers initial hydration. Ingredients like glycerin, hyaluronic acid, or panthenol are ideal for replenishing moisture and prepping the skin for actives.</p>

  <h2>What active ingredients work best at night?</h2>
  <p>Nighttime is optimal for using active ingredients that benefit from reduced sun exposure and increased skin permeability. Common options include:</p>
  <ul>
    <li><strong>Retinoids</strong> – for anti-aging, acne, and texture refinement</li>
    <li><strong>Niacinamide</strong> – for barrier support and brightening</li>
    <li><strong>Peptides</strong> – to boost collagen production</li>
    <li><strong>Azelaic acid or tranexamic acid</strong> – for calming and pigmentation control</li>
  </ul>
  <p>These should be chosen based on your skin’s current needs, not just trends.</p>

  <h2>How do I lock in moisture and protect my skin overnight?</h2>
  <p>Follow your actives with a moisturizer tailored to your skin type. For dry or sensitive skin, use a ceramide-rich or occlusive cream. For oilier skin, opt for lighter, non-comedogenic formulations. The moisturizer helps seal in treatments, reduce trans-epidermal water loss (TEWL), and support overnight recovery.</p>

  <h2>Are there any optional steps worth considering?</h2>
  <p>Yes—when used thoughtfully. Some beneficial add-ons include:</p>
  <ul>
    <li><strong>Overnight masks</strong> – to deliver deep hydration or mild exfoliation once or twice a week</li>
    <li><strong>Slugging</strong> – applying an occlusive like petrolatum over moisturizer to prevent moisture loss</li>
    <li><strong>LED light therapy</strong> – red light to support collagen, blue light to reduce acne-causing bacteria</li>
  </ul>
  <p>These should be used in moderation and based on what your skin responds to.</p>

  <h2>How can I tell if my nighttime routine is working?</h2>
  <p>Look for signs of improved hydration, reduced redness, smoother texture, and fewer breakouts over time. Nighttime skincare is a long-term investment; results often build gradually. If irritation occurs, scale back and simplify. The best routine is one your skin can tolerate consistently.</p>

  <h2>Is more always better when it comes to products?</h2>
  <p>Not at all. More products can mean more irritation, especially with active ingredients. A streamlined routine that focuses on your skin’s essential needs—cleansing, hydration, targeted treatments, and protection—is more effective than an overloaded regimen. Skincare should support your skin, not overwhelm it.</p>"
step_by_step,"<h1>Step-by-Step Nighttime Skincare Routine</h1>

  <p>A structured evening routine maximizes your skin’s natural repair cycle. At night, the skin becomes more permeable and metabolically active, making it the ideal time to nourish, treat, and protect. Follow these steps to build a powerful and restorative nightly regimen.</p>

  <h2>Step 1: Double Cleanse</h2>
  <p>Start with an oil-based cleanser to dissolve sunscreen, makeup, and excess sebum. Follow with a gentle water-based cleanser to remove sweat, pollution, and residual debris. This ensures a clean canvas without stripping the skin’s natural barrier.</p>

  <h2>Step 2: Rebalance with a Toner or Essence</h2>
  <p>Use a low-pH toner or a hydrating essence immediately after cleansing. These products help restore the skin’s acid mantle and introduce moisture. Look for ingredients like hyaluronic acid, glycerin, or panthenol to attract water and soothe the skin.</p>

  <h2>Step 3: Apply Targeted Treatments</h2>
  <p>Introduce active ingredients based on your skin’s needs. This may include:</p>
  <ul>
    <li><strong>Retinoids</strong> for acne, fine lines, and cell turnover</li>
    <li><strong>Niacinamide</strong> for barrier support and oil regulation</li>
    <li><strong>Peptides</strong> to stimulate collagen</li>
    <li><strong>Azelaic or tranexamic acid</strong> for pigmentation and inflammation</li>
  </ul>
  <p>Layer carefully and avoid mixing ingredients that might irritate when used together. For example, retinoids and exfoliating acids should not be applied in the same session unless tolerance has been built.</p>

  <h2>Step 4: Seal with Moisturizer</h2>
  <p>Lock in hydration and support the skin barrier with a nourishing moisturizer. Choose according to your skin type:</p>
  <ul>
    <li><strong>Dry skin</strong>: Use thick creams with ceramides, fatty acids, and cholesterol</li>
    <li><strong>Oily skin</strong>: Opt for lightweight gel creams with ingredients like squalane or dimethicone</li>
    <li><strong>Sensitive skin</strong>: Look for minimalist formulas with soothing agents like centella asiatica or colloidal oat</li>
  </ul>
  <p>This step helps prevent overnight water loss and keeps actives working efficiently.</p>

  <h2>Step 5: Optional Enhancements</h2>
  <p>Depending on skin condition, consider adding:</p>
  <ul>
    <li><strong>Overnight masks</strong>: Used 1–2 times weekly to replenish hydration or exfoliate gently</li>
    <li><strong>Slugging</strong>: Apply a thin layer of petrolatum over moisturizer to reduce transepidermal water loss in dry environments</li>
    <li><strong>LED light therapy</strong>: Red light for anti-aging and blue light for acne control</li>
  </ul>
  <p>These are not mandatory but can offer measurable benefits when used appropriately.</p>

  <h2>Final Thoughts</h2>
  <p>Your skin does its best work while you rest. This routine doesn’t need to be complicated—it just needs to be consistent and intentional. Start with the basics, observe how your skin responds, and adjust gradually. Skincare is not about perfection; it’s about progress supported by science and habit.</p>"
